{
  "ATOM": {
    "BTC": 0.00046313,
    "BCH": 0.01033754,
    "BNT": 13.86517783,
    "BLK": 0.0,
    "CVC": 127.01908203,
    "DASH": 0.03830331,
    "DGB": 557.73020766,
    "DNT": 508.70475912,
    "DOGE": 1543.07110267,
    "ETH": 0.01713811,
    "ETC": 0.43840162,
    "GNT": 61.14668586,
    "LTC": 0.05926201,
    "MANA": 79.9493759,
    "MKR": 0.00747911,
    "REP": 0.30425581,
    "RDD": 4206.93485473,
    "RCN": 66.98295907,
    "RLC": 6.60183197,
    "SC": 1495.55644053,
    "SNT": 214.31752815,
    "TUSD": 4.58581675,
    "XMR": 0.0511843,
    "XRP": 14.65926524,
    "ZEC": 0.07017814,
    "ZRX": 14.08904417
  },
  "BTC": {
    "ATOM": 2131.11889412,
    "BCH": 22.20616537,
    "BNT": 29777.39948895,
    "BLK": 0.0,
    "CVC": 272898.89925972,
    "DASH": 82.27482549,
    "DGB": 1198150.25397046,
    "DNT": 1092914.7817548,
    "DOGE": 3315174.83798957,
    "ETH": 36.80788189,
    "ETC": 941.36060999,
    "GNT": 131286.94430645,
    "LTC": 127.25174456,
    "MANA": 171699.3279028,
    "MKR": 16.0650529,
    "REP": 653.4324592,
    "RDD": 9038223.96628152,
    "RCN": 143790.09508652,
    "RLC": 14169.79197783,
    "SC": 3212176.15669165,
    "SNT": 460440.94972077,
    "TUSD": 9849.16223453,
    "XMR": 109.9325315,
    "XRP": 31485.6623843,
    "ZEC": 150.66306739,
    "ZRX": 30259.460089
  },
  "BCH": {
    "ATOM": 95.31504489,
    "BTC": 0.04448002,
    "BNT": 1331.9151269,
    "BLK": 0.0,
    "CVC": 12211.74389378,
    "DASH": 3.67832651,
    "DGB": 53586.57417254,
    "DNT": 48878.71371034,
    "DOGE": 148233.50068509,
    "ETH": 1.64534153,
    "ETC": 42.06981483,
    "GNT": 5871.22039656,
    "LTC": 5.68684264,
    "MANA": 7680.46360121,
    "MKR": 0.71844097,
    "REP": 29.22199173,
    "RDD": 404193.87971223,
    "RCN": 6430.47298036,
    "RLC": 633.60804493,
    "SC": 143697.91516957,
    "SNT": 20590.91971809,
    "TUSD": 440.50823445,
    "XMR": 4.91480046,
    "XRP": 1407.89082173,
    "ZEC": 6.7362984,
    "ZRX": 1352.97930306
  },
  "BNT": {
    "ATOM": 0.07021523,
    "BTC": 3.271e-05,
    "BCH": 0.0007302,
    "BLK": 0.0,
    "CVC": 8.98147618,
    "DASH": 0.00270552,
    "DGB": 39.39194024,
    "DNT": 35.92546984,
    "DOGE": 108.97392517,
    "ETH": 0.00121005,
    "ETC": 0.03094813,
    "GNT": 4.31880338,
    "LTC": 0.00418284,
    "MANA": 5.64811246,
    "MKR": 0.00052818,
    "REP": 0.02149282,
    "RDD": 297.09844994,
    "RCN": 4.73539302,
    "RLC": 0.46626148,
    "SC": 105.65948998,
    "SNT": 15.13530678,
    "TUSD": 0.32382904,
    "XMR": 0.00361446,
    "XRP": 1.03529459,
    "ZEC": 0.0049541,
    "ZRX": 0.99420432
  },
  "BLK": {
    "ATOM": 0.0,
    "BTC": 0.0,
    "BCH": 0.0,
    "BNT": 0.0,
    "CVC": 0.0,
    "DASH": 0.0,
    "DGB": 0.0,
    "DNT": 0.0,
    "DOGE": 0.0,
    "ETH": 0.0,
    "ETC": 0.0,
    "GNT": 0.0,
    "LTC": 0.0,
    "MANA": 0.0,
    "MKR": 0.0,
    "REP": 0.0,
    "RDD": 0.0,
    "RCN": 0.0,
    "RLC": 0.0,
    "SC": 0.0,
    "SNT": 0.0,
    "TUSD": 0.0,
    "XMR": 0.0,
    "XRP": 0.0,
    "ZEC": 0.0,
    "ZRX": 0.0
  },
  "CVC": {
    "ATOM": 0.00768988,
    "BTC": 3.59e-06,
    "BCH": 8.002e-05,
    "BNT": 0.10728264,
    "BLK": 0.0,
    "DASH": 0.00029638,
    "DGB": 4.31469728,
    "DNT": 3.935568,
    "DOGE": 11.93788959,
    "ETH": 0.00013255,
    "ETC": 0.00340006,
    "GNT": 0.4732563,
    "LTC": 0.00045817,
    "MANA": 0.61849642,
    "MKR": 5.786e-05,
    "REP": 0.00235305,
    "RDD": 32.54649454,
    "RCN": 0.51970047,
    "RLC": 0.05103557,
    "SC": 11.56752228,
    "SNT": 1.65801171,
    "TUSD": 0.03548172,
    "XMR": 0.00039593,
    "XRP": 0.11336756,
    "ZEC": 0.00054264,
    "ZRX": 0.10895202
  },
  "DASH": {
    "ATOM": 25.71978128,
    "BTC": 0.01200246,
    "BCH": 0.26791622,
    "BNT": 359.26747957,
    "BLK": 0.0,
    "CVC": 3296.24231302,
    "DGB": 14454.52898155,
    "DNT": 13184.96459538,
    "DOGE": 39988.63631252,
    "ETH": 0.44397751,
    "ETC": 11.3885976,
    "GNT": 1585.19122761,
    "LTC": 1.53439712,
    "MANA": 2070.63824947,
    "MKR": 0.19380943,
    "REP": 7.88155386,
    "RDD": 109037.553104,
    "RCN": 1739.9872817,
    "RLC": 170.93498063,
    "SC": 38751.48652116,
    "SNT": 5554.78097176,
    "TUSD": 118.83300037,
    "XMR": 1.32603423,
    "XRP": 379.70137188,
    "ZEC": 1.81717859,
    "ZRX": 364.9594871
  },
  "DGB": {
    "ATOM": 0.00172483,
    "BTC": 8.1e-07,
    "BCH": 1.798e-05,
    "BNT": 0.0241004,
    "BLK": 0.0,
    "CVC": 0.22113968,
    "DASH": 6.66e-05,
    "DNT": 0.88455276,
    "DOGE": 2.68314339,
    "ETH": 2.979e-05,
    "ETC": 0.00076448,
    "GNT": 0.10634596,
    "LTC": 0.00010296,
    "MANA": 0.1389389,
    "MKR": 1.3e-05,
    "REP": 0.00052876,
    "RDD": 7.31510464,
    "RCN": 0.11673465,
    "RLC": 0.01146759,
    "SC": 2.59936382,
    "SNT": 0.3726588,
    "TUSD": 0.00797144,
    "XMR": 8.899e-05,
    "XRP": 0.02547891,
    "ZEC": 0.00012196,
    "ZRX": 0.02447562
  },
  "DNT": {
    "ATOM": 0.00191714,
    "BTC": 9e-07,
    "BCH": 1.998e-05,
    "BNT": 0.0267876,
    "BLK": 0.0,
    "CVC": 0.24579683,
    "DASH": 7.403e-05,
    "DGB": 1.07784998,
    "DOGE": 2.98231471,
    "ETH": 3.312e-05,
    "ETC": 0.0008501,
    "GNT": 0.11821987,
    "LTC": 0.00011444,
    "MANA": 0.15446166,
    "MKR": 1.445e-05,
    "REP": 0.00058771,
    "RDD": 8.13074109,
    "RCN": 0.1297506,
    "RLC": 0.01275135,
    "SC": 2.88930222,
    "SNT": 0.41421038,
    "TUSD": 0.00886026,
    "XMR": 9.889e-05,
    "XRP": 0.0283119,
    "ZEC": 0.00013557,
    "ZRX": 0.0271752
  },
  "DOGE": {
    "ATOM": 0.00061775,
    "BTC": 2.9e-07,
    "BCH": 6.44e-06,
    "BNT": 0.00863156,
    "BLK": 0.0,
    "CVC": 0.0792012,
    "DASH": 2.384e-05,
    "DGB": 0.34730722,
    "DNT": 0.31680266,
    "ETH": 1.067e-05,
    "ETC": 0.00027419,
    "GNT": 0.03809307,
    "LTC": 3.687e-05,
    "MANA": 0.04977098,
    "MKR": 4.66e-06,
    "REP": 0.00018937,
    "RDD": 2.61990546,
    "RCN": 0.04180853,
    "RLC": 0.00410904,
    "SC": 0.93121067,
    "SNT": 0.13346779,
    "TUSD": 0.00285497,
    "XMR": 3.186e-05,
    "XRP": 0.00912215,
    "ZEC": 4.367e-05,
    "ZRX": 0.00875539
  },
  "ETH": {
    "ATOM": 57.48549502,
    "BTC": 0.0268392,
    "BCH": 0.59914128,
    "BNT": 803.60095348,
    "BLK": 0.0,
    "CVC": 7373.54236141,
    "DASH": 2.22017617,
    "DGB": 32339.7146268,
    "DNT": 29500.09881949,
    "DOGE": 89473.11464452,
    "ETC": 25.57538554,
    "GNT": 3547.34778778,
    "LTC": 3.4313722,
    "MANA": 4635.57449063,
    "MKR": 0.43372266,
    "REP": 17.6379903,
    "RDD": 244013.01219457,
    "RCN": 3893.96685457,
    "RLC": 382.67597716,
    "SC": 86755.56863614,
    "SNT": 12430.93946314,
    "TUSD": 265.90717501,
    "XMR": 2.96741489,
    "XRP": 849.78317024,
    "ZEC": 4.0673442,
    "ZRX": 815.46086241
  },
  "ETC": {
    "ATOM": 2.24609187,
    "BTC": 0.00104863,
    "BCH": 0.02341787,
    "BNT": 31.42185444,
    "BLK": 0.0,
    "CVC": 287.51040676,
    "DASH": 0.08653992,
    "DGB": 1260.15397712,
    "DNT": 1147.88675156,
    "DOGE": 3476.99180182,
    "ETH": 0.03860304,
    "GNT": 137.67111961,
    "LTC": 0.13316883,
    "MANA": 179.87801691,
    "MKR": 0.01683006,
    "REP": 0.68461456,
    "RDD": 9468.61203536,
    "RCN": 151.10559109,
    "RLC": 14.83364508,
    "SC": 3366.43763668,
    "SNT": 482.36652846,
    "TUSD": 10.32099985,
    "XMR": 0.11497417,
    "XRP": 32.95255462,
    "ZEC": 0.15759444,
    "ZRX": 31.5957076
  },
  "GNT": {
    "ATOM": 0.01596047,
    "BTC": 7.45e-06,
    "BCH": 0.00016621,
    "BNT": 0.22295913,
    "BLK": 0.0,
    "CVC": 2.04463551,
    "DASH": 0.00061572,
    "DGB": 8.9648428,
    "DNT": 8.1770459,
    "DOGE": 24.80410626,
    "ETH": 0.00027536,
    "ETC": 0.00709706,
    "LTC": 0.00095183,
    "MANA": 1.28466397,
    "MKR": 0.0001202,
    "REP": 0.00488945,
    "RDD": 67.6239089,
    "RCN": 1.07918141,
    "RLC": 0.1059266,
    "SC": 24.04277113,
    "SNT": 3.44501497,
    "TUSD": 0.07373481,
    "XMR": 0.00082252,
    "XRP": 0.23571455,
    "ZEC": 0.00112753,
    "ZRX": 0.22591799
  },