{
  "ATOM": {
    "BTC": 0.00046137,
    "BCH": 0.01041556,
    "BNT": 13.96962019,
    "BLK": 98.89161694,
    "CVC": 125.01827452,
    "DASH": 0.03800739,
    "DGB": 555.3985079,
    "DNT": 512.38003583,
    "DOGE": 1537.1401075,
    "ETH": 0.01726109,
    "ETC": 0.44196846,
    "GNT": 61.08642736,
    "LTC": 0.0597528,
    "MANA": 79.44941222,
    "MKR": 0.00746018,
    "REP": 0.30353184,
    "RDD": 4190.82424735,
    "RCN": 67.22351218,
    "RLC": 6.58346953,
    "SC": 1590.17910817,
    "SNT": 217.60947982,
    "TUSD": 4.55142407,
    "XMR": 0.05130756,
    "XRP": 14.84394745,
    "ZEC": 0.07081359,
    "ZRX": 14.34810217
  },
  "BTC": {
    "ATOM": 2139.6225311,
    "BCH": 22.45799068,
    "BNT": 30149.11641351,
    "BLK": 213259.61699411,
    "CVC": 269232.44915653,
    "DASH": 81.93745664,
    "DGB": 1197836.91119394,
    "DNT": 1105058.27932986,
    "DOGE": 3315174.83798957,
    "ETH": 37.22436013,
    "ETC": 953.9316362,
    "GNT": 130652.05660114,
    "LTC": 128.80585337,
    "MANA": 171304.7273963,
    "MKR": 16.08416481,
    "REP": 654.41591128,
    "RDD": 9038223.96628152,
    "RCN": 144944.52020415,
    "RLC": 14205.43685591,
    "SC": 3429491.21171335,
    "SNT": 468845.53102175,
    "TUSD": 9811.75794274,
    "XMR": 110.69822066,
    "XRP": 31996.10431347,
    "ZEC": 152.63037149,
    "ZRX": 30940.475385
  },
  "BCH": {
    "ATOM": 94.64522626,
    "BTC": 0.04401334,
    "BNT": 1332.9736374,
    "BLK": 9426.61334937,
    "CVC": 11941.86683333,
    "DASH": 3.62262381,
    "DGB": 52948.0846029,
    "DNT": 48846.98302273,
    "DOGE": 146539.69775582,
    "ETH": 1.64582005,
    "ETC": 42.17363469,
    "GNT": 5832.86540416,
    "LTC": 5.69402418,
    "MANA": 7571.41263686,
    "MKR": 0.71089571,
    "REP": 28.9384268,
    "RDD": 399488.0014588,
    "RCN": 6406.57519697,
    "RLC": 627.89342847,
    "SC": 151586.6788668,
    "SNT": 20733.36072773,
    "TUSD": 433.26812209,
    "XMR": 4.89459648,
    "XRP": 1411.0914405,
    "ZEC": 6.74917532,
    "ZRX": 1367.83035159
  },
  "BNT": {
    "ATOM": 0.06990879,
    "BTC": 3.246e-05,
    "BCH": 0.00073284,
    "BLK": 6.97315639,
    "CVC": 8.7956604,
    "DASH": 0.0026681,
    "DGB": 38.98835104,
    "DNT": 35.97155927,
    "DOGE": 107.91467781,
    "ETH": 0.00121247,
    "ETC": 0.03111117,
    "GNT": 4.29045172,
    "LTC": 0.00419946,
    "MANA": 5.58412394,
    "MKR": 0.00052366,
    "REP": 0.0213097,
    "RDD": 293.92544379,
    "RCN": 4.71836867,
    "RLC": 0.46273179,
    "SC": 111.46104518,
    "SNT": 15.26798674,
    "TUSD": 0.31929318,
    "XMR": 0.00360231,
    "XRP": 1.04229996,
    "ZEC": 0.00496804,
    "ZRX": 1.00722318
  },
  "BLK": {
    "ATOM": 0.00751764,
    "BTC": 3.55e-06,
    "BCH": 7.998e-05,
    "BNT": 0.10689219,
    "CVC": 0.9465451,
    "DASH": 0.00028644,
    "DGB": 4.20565009,
    "DNT": 3.87939553,
    "DOGE": 11.70733379,
    "ETH": 0.00013236,
    "ETC": 0.00338061,
    "GNT": 0.46753389,
    "LTC": 0.00045606,
    "MANA": 0.6072109,
    "MKR": 5.701e-05,
    "REP": 0.00231631,
    "RDD": 32.10597956,
    "RCN": 0.5136957,
    "RLC": 0.05039481,
    "SC": 12.13597853,
    "SNT": 1.661749,
    "TUSD": 0.03479165,
    "XMR": 0.00039193,
    "XRP": 0.11346774,
    "ZEC": 0.00054076,
    "ZRX": 0.11018409
  },
  "CVC": {
    "ATOM": 0.00780652,
    "BTC": 3.62e-06,
    "BCH": 8.182e-05,
    "BNT": 0.10995754,
    "BLK": 0.777219,
    "DASH": 0.00029801,
    "DGB": 4.35613058,
    "DNT": 4.0184269,
    "DOGE": 12.05528071,
    "ETH": 0.00013561,
    "ETC": 0.00347274,
    "GNT": 0.47992703,
    "LTC": 0.00046938,
    "MANA": 0.62366969,
    "MKR": 5.85e-05,
    "REP": 0.00238072,
    "RDD": 32.86654017,
    "RCN": 0.52713391,
    "RLC": 0.05171868,
    "SC": 12.47098004,
    "SNT": 1.70598533,
    "TUSD": 0.03566998,
    "XMR": 0.00040276,
    "XRP": 0.11640533,
    "ZEC": 0.00055558,
    "ZRX": 0.11258764
  },
  "DASH": {
    "ATOM": 25.92590648,
    "BTC": 0.01204699,
    "BCH": 0.27193076,
    "BNT": 365.42188748,
    "BLK": 2583.75100208,
    "CVC": 3274.85560707,
    "DGB": 14506.59061307,
    "DNT": 13382.88561242,
    "DOGE": 40126.92522892,
    "ETH": 0.45118126,
    "ETC": 11.55346798,
    "GNT": 1597.17265472,
    "LTC": 1.56221114,
    "MANA": 2075.95576835,
    "MKR": 0.19478061,
    "REP": 7.93658914,
    "RDD": 109438.58351643,
    "RCN": 1755.10132115,
    "RLC": 172.10871636,
    "SC": 41525.70923139,
    "SNT": 5681.99721698,
    "TUSD": 118.7445376,
    "XMR": 1.34045525,
    "XRP": 387.55626177,
    "ZEC": 1.84836959,
    "ZRX": 374.7910716
  },
  "DGB": {
    "ATOM": 0.00173174,
    "BTC": 8.1e-07,
    "BCH": 1.818e-05,
    "BNT": 0.02441262,
    "BLK": 0.1726021,
    "CVC": 0.21886702,
    "DASH": 6.635e-05,
    "DNT": 0.89438113,
    "DOGE": 2.68314339,
    "ETH": 3.02e-05,
    "ETC": 0.00077221,
    "GNT": 0.10677367,
    "LTC": 0.00010449,
    "MANA": 0.13876092,
    "MKR": 1.302e-05,
    "REP": 0.0005306,
    "RDD": 7.31510464,
    "RCN": 0.11731114,
    "RLC": 0.01149622,
    "SC": 2.77566557,
    "SNT": 0.37969547,
    "TUSD": 0.00793864,
    "XMR": 8.986e-05,
    "XRP": 0.02592143,
    "ZEC": 0.00012364,
    "ZRX": 0.02503889
  },
  "DNT": {
    "ATOM": 0.00190344,
    "BTC": 8.9e-07,
    "BCH": 1.998e-05,
    "BNT": 0.02683314,
    "BLK": 0.18971565,
    "CVC": 0.24056775,
    "DASH": 7.292e-05,
    "DGB": 1.06559512,
    "DOGE": 2.94917788,
    "ETH": 3.319e-05,
    "ETC": 0.00084895,
    "GNT": 0.11741025,
    "LTC": 0.00011487,
    "MANA": 0.15251911,
    "MKR": 1.431e-05,
    "REP": 0.00058316,
    "RDD": 8.04039952,
    "RCN": 0.12894257,
    "RLC": 0.01263604,
    "SC": 3.05087367,
    "SNT": 0.41776663,
    "TUSD": 0.00872567,
    "XMR": 9.867e-05,
    "XRP": 0.02851576,
    "ZEC": 0.00013588,
    "ZRX": 0.02752443
  },
  "DOGE": {
    "ATOM": 0.00062022,
    "BTC": 2.9e-07,
    "BCH": 6.51e-06,
    "BNT": 0.00874912,
    "BLK": 0.06181746,
    "CVC": 0.07838724,
    "DASH": 2.376e-05,
    "DGB": 0.34721639,
    "DNT": 0.32032269,
    "ETH": 1.081e-05,
    "ETC": 0.00027654,
    "GNT": 0.03826788,
    "LTC": 3.742e-05,
    "MANA": 0.04969724,
    "MKR": 4.66e-06,
    "REP": 0.00019,
    "RDD": 2.61990546,
    "RCN": 0.042015,
    "RLC": 0.00411723,
    "SC": 0.9941049,
    "SNT": 0.1360475,
    "TUSD": 0.0028432,
    "XMR": 3.212e-05,
    "XRP": 0.0092887,
    "ZEC": 4.429e-05,
    "ZRX": 0.00897139
  },
  "ETH": {
    "ATOM": 57.26955517,
    "BTC": 0.0265962,
    "BCH": 0.60022472,
    "BNT": 806.45511722,
    "BLK": 5702.05280182,
    "CVC": 7207.11794734,
    "DASH": 2.18301076,
    "DGB": 31931.70953711,
    "DNT": 29464.20166503,
    "DOGE": 88366.9254522,
    "ETC": 25.37023822,
    "GNT": 3520.00188109,
    "LTC": 3.43527714,
    "MANA": 4562.95225324,
    "MKR": 0.42813162,
    "REP": 17.44420093,
    "RDD": 240548.21068744,
    "RCN": 3857.63637817,
    "RLC": 377.87223383,
    "SC": 91277.36134963,
    "SNT": 12493.92266247,
    "TUSD": 261.04103231,
    "XMR": 2.9571369,
    "XRP": 853.9137228,
    "ZEC": 4.06683166,
    "ZRX": 823.80027445
  },
  "ETC": {
    "ATOM": 2.22649998,
    "BTC": 0.00103397,
    "BCH": 0.02334843,
    "BNT": 31.3199693,
    "BLK": 221.48213977,
    "CVC": 281.07064612,
    "DASH": 0.08513488,
    "DGB": 1245.09609034,
    "DNT": 1148.2226678,
    "DOGE": 3446.42861036,
    "ETH": 0.03881603,
    "GNT": 137.60205462,
    "LTC": 0.13432484,
    "MANA": 178.38106362,
    "MKR": 0.01673503,
    "REP": 0.68202928,
    "RDD": 9402.67124132,
    "RCN": 150.79057295,
    "RLC": 14.76714949,
    "SC": 3565.38737314,
    "SNT": 488.02509617,
    "TUSD": 10.18718632,
    "XMR": 0.11550796,
    "XRP": 33.36607838,
    "ZEC": 0.15888277,
    "ZRX": 32.18917774
  },
  "GNT": {
    "ATOM": 0.01593651,
    "BTC": 7.37e-06,
    "BCH": 0.0001664,
    "BNT": 0.22414007,
    "BLK": 1.58518951,
    "CVC": 2.00876348,
    "DASH": 0.00060832,
    "DGB": 8.86779301,
    "DNT": 8.17778118,
    "DOGE": 24.52570287,
    "ETH": 0.00027618,
    "ETC": 0.00705528,
    "LTC": 0.00095534,
    "MANA": 1.26785195,