{
  "ATOM": {
    "BTC": 0.00046163,
    "BCH": 0.01040135,
    "BNT": 13.95105469,
    "BLK": 98.93318719,
    "CVC": 125.05665122
  },
  "BTC": {
    "ATOM": 2138.6412331,
    "CVC": 0.0
  },
  "BCH": {
    "ATOM": 94.84604163
  },
  "BNT": {
    "ATOM": 0.07018151
  },
  "BLK": {
    "ATOM": 0.00747261
  },
  "CVC": {
    "ATOM": 0.00780312
  }
}
